Rk,Player,Tm,Age,Pos,G,GS,Att,Yds,TD,1D,Lng,Y/A,Y/G,Fmb,-9999
360,M.J. Stewart,HOU,27,DB,17,0,1,3,0,1,3,3,0.2,0,StewM.00
194,Derek Watt,PIT,30,FB,17,3,9,21,1,8,4,2.3,1.2,0,WattDe00
204,Kyle Juszczyk*,SFO,31,FB,16,12,7,26,1,5,9,3.7,1.6,0,JuszKy00
208,Patrick Ricard*,BAL,28,FB,17,16,7,16,0,5,5,2.3,0.9,0,RicaPa00
214,Alec Ingold,MIA,26,FB,17,14,6,8,1,5,2,1.3,0.5,0,IngoAl01
223,Michael Burton,KAN,30,FB,17,0,5,7,0,2,6,1.4,0.4,0,BurtMi00
242,C.J. Ham,MIN,29,FB,17,4,4,7,2,3,3,1.8,0.4,0,HamxC.00
245,Zander Horvath,LAC,24,FB,15,2,4,8,0,2,3,2,0.5,0,HorvZa00
252,Adam Prentice,NOR,25,FB,11,2,4,9,0,3,3,2.3,0.8,1,PrenAd00
281,Andrew Beck,DEN,26,FB,13,4,2,0,0,0,1,0,0,0,BeckAn01
327,Jason Cabinda,DET,26,FB,8,2,1,4,0,1,4,4,0.5,0,CabiJa00
358,Keith Smith,ATL,30,FB,17,6,1,2,0,1,2,2,0.1,0,SmitKe03
319,Marcus Allen,PIT,26,LB,15,0,1,4,0,1,4,4,0.3,0,AlleMa03
323,Nick Bellore,SEA,33,LB,16,0,1,3,0,0,3,3,0.2,0,BellNi01
345,Robert Hunt,MIA,26,OL,17,17,1,0,0,0,0,0,0,1,HuntRo01
286,Michael Dickson,SEA,26,P,17,0,2,-18,0,0,-8,-9,-1.1,1,DickMi00
292,Jamie Gillan,NYG,25,P,17,0,2,-3,0,0,0,-1.5,-0.2,1,GillJa00
320,Bryan Anger,DAL,34,P,17,0,1,0,0,0,-13,0,0,1,AngeBr00
34,Jalen Hurts*,PHI,24,QB,15,15,165,760,13,67,42,4.6,50.7,9,HurtJa00
35,Justin Fields,CHI,23,QB,15,15,160,1143,8,65,67,7.1,76.2,16,FielJu00
40,Josh Allen*,BUF,26,QB,16,16,124,762,7,55,44,6.1,47.6,13,AlleJo02
42,Daniel Jones,NYG,25,QB,16,16,120,708,7,57,25,5.9,44.3,6,JoneDa05
44,Lamar Jackson,BAL,25,QB,12,12,112,764,3,47,79,6.8,63.7,5,JackLa00
58,Marcus Mariota,ATL,29,QB,13,13,85,438,4,30,30,5.2,33.7,8,MariMa01
63,Joe Burrow*,CIN,26,QB,16,16,75,257,5,28,23,3.4,16.1,6,BurrJo01
71,Geno Smith*,SEA,32,QB,17,17,68,366,1,24,25,5.4,21.5,8,SmitGe00
72,Kyler Murray,ARI,25,QB,11,11,67,418,3,23,42,6.2,38,8,MurrKy00
74,Trevor Lawrence*,JAX,23,QB,17,17,62,291,5,27,24,4.7,17.1,12,LawrTr00
75,Patrick Mahomes*+,KAN,27,QB,17,17,61,358,4,25,20,5.9,21.1,5,MahoPa00
77,Kenny Pickett,PIT,24,QB,13,12,55,237,3,23,23,4.3,18.2,4,PickKe00
78,Russell Wilson,DEN,34,QB,15,15,55,277,3,21,19,5,18.5,6,WilsRu00
80,Justin Herbert,LAC,24,QB,17,17,54,147,0,17,23,2.7,8.6,8,HerbJu00
83,Jacoby Brissett,CLE,30,QB,16,11,49,243,2,28,22,5,15.2,6,BrisJa00
85,Mac Jones,NWE,24,QB,14,14,47,102,1,12,15,2.2,7.3,5,JoneMa05
89,Dak Prescott,DAL,29,QB,12,12,45,182,1,19,25,4,15.2,4,PresDa01
90,Tyler Huntley*,BAL,24,QB,6,4,43,137,1,12,14,3.2,22.8,3,HuntTy01
100,Deshaun Watson,CLE,27,QB,6,6,36,175,1,10,21,4.9,29.2,1,WatsDe00
104,Aaron Rodgers,GNB,39,QB,17,17,34,94,1,9,18,2.8,5.5,8,RodgAa00
105,Ryan Tannehill,TEN,34,QB,12,12,34,98,2,12,17,2.9,8.2,3,TannRy00
106,Davis Mills,HOU,24,QB,15,15,32,108,2,8,17,3.4,7.2,8,MillDa02
108,Kirk Cousins*,MIN,34,QB,17,17,31,97,2,11,19,3.1,5.7,7,CousKi00
110,Andy Dalton,NOR,35,QB,14,14,30,54,0,6,14,1.8,3.9,5,DaltAn00
112,Tom Brady,TAM,45,QB,17,17,29,-1,1,5,2,0,-0.1,5,BradTo00
113,Jared Goff*,DET,28,QB,17,17,29,73,0,5,14,2.5,4.3,7,GoffJa00
114,Taylor Heinicke,WAS,29,QB,9,9,28,96,1,6,15,3.4,10.7,7,HeinTa00
115,Zach Wilson,NYJ,23,QB,9,9,28,102,1,7,18,3.6,11.3,1,WilsZa00
117,Matt Ryan,IND,37,QB,12,12,27,70,1,9,39,2.6,5.8,15,RyanMa00
118,Malik Willis,TEN,23,QB,8,3,27,123,1,8,17,4.6,15.4,3,WillMa12
120,Sam Darnold,CAR,25,QB,6,6,26,106,2,10,26,4.1,17.7,6,DarnSa00
123,Derek Carr*,LVR,31,QB,15,15,24,102,0,10,20,4.3,6.8,4,CarrDe02
127,Jimmy Garoppolo,SFO,31,QB,11,10,23,33,2,12,6,1.4,3,3,GaroJi00
129,Tua Tagovailoa,MIA,24,QB,13,13,23,70,0,4,18,3,5.4,6,TagoTu00
132,Brock Purdy,SFO,23,QB,9,5,22,13,1,5,13,0.6,1.4,0,PurdBr00
133,Carson Wentz,WAS,30,QB,8,7,22,86,1,4,18,3.9,10.8,6,WentCa00
136,Jeff Driskel,HOU,29,QB,7,2,20,75,0,4,10,3.8,10.7,0,DrisJe00
139,Bryce Perkins,LAR,26,QB,5,1,19,90,0,6,23,4.7,18,0,PerkBr02
140,Mitchell Trubisky,PIT,28,QB,7,5,19,38,2,7,9,2,5.4,0,TrubMi00
145,Sam Ehlinger,IND,24,QB,4,3,17,87,0,5,19,5.1,21.8,2,EhliSa00
151,Trey Lance,SFO,22,QB,2,2,16,67,0,7,13,4.2,33.5,1,LancTr00
153,Desmond Ridder,ATL,23,QB,4,4,16,64,0,4,18,4,16,3,RiddDe00
156,Trace McSorley,ARI,27,QB,6,1,15,61,0,3,14,4.1,10.2,2,McSoTr00
158,Colt McCoy,ARI,36,QB,4,3,14,36,0,5,9,2.6,9,2,McCoCo00
159,Jarrett Stidham,LVR,26,QB,5,2,14,84,0,7,11,6,16.8,3,StidJa00
160,Skylar Thompson,MIA,25,QB,7,2,14,21,0,1,9,1.5,3,2,ThomSk00
163,Matthew Stafford,LAR,34,QB,9,9,13,9,1,3,4,0.7,1,5,StafMa00
179,Bailey Zappe,NWE,23,QB,4,2,10,0,0,0,5,0,0,4,ZappBa00
190,Cooper Rush,DAL,29,QB,9,5,9,6,0,1,6,0.7,0.7,2,RushCo00
193,Chris Streveler,NYJ,27,QB,2,1,9,54,0,1,14,6,27,1,StreCh00
197,Joshua Dobbs,TEN,27,QB,2,2,8,44,0,4,11,5.5,22,4,DobbJo00
200,John Wolford,LAR,27,QB,3,3,8,32,0,2,14,4,10.7,3,WolfJo00
206,Gardner Minshew II,PHI,26,QB,5,2,7,3,1,1,3,0.4,0.6,4,MinsGa00
211,Kyle Allen,HOU,26,QB,2,2,6,13,0,2,5,2.2,6.5,4,AlleKy00
217,Brett Rypien,DEN,26,QB,4,2,6,7,0,2,6,1.2,1.8,4,RypiBr00
219,P.J. Walker,CAR,27,QB,6,5,6,39,0,3,20,6.5,6.5,0,WalkPh00
220,Davis Webb,NYG,27,QB,1,1,6,41,1,2,14,6.8,41,0,WebbDa00
221,Mike White,NYJ,27,QB,4,4,6,9,1,3,4,1.5,2.3,2,WhitMi01
226,Chad Henne,KAN,37,QB,3,0,5,-5,0,0,-1,-1,-1.7,1,HennCh01
227,Sam Howell,WAS,22,QB,1,1,5,35,1,4,10,7,35,0,HoweSa00
229,Case Keenum,BUF,34,QB,2,0,5,0,0,0,4,0,0,0,KeenCa00
232,Nate Sudfeld,DET,29,QB,2,0,5,-4,0,0,0,-0.8,-2,0,SudfNa00
233,Tyrod Taylor,NYG,33,QB,3,0,5,70,0,5,32,14,23.3,2,TaylTy00
236,Jameis Winston,NOR,28,QB,3,3,5,16,0,0,6,3.2,5.3,3,WinsJa00
238,C.J. Beathard,JAX,29,QB,4,0,4,-4,0,0,-1,-1,-1,0,BeatC.00
239,David Blough,ARI,27,QB,2,2,4,5,0,0,4,1.3,2.5,1,BlouDa00
251,Nick Mullens,MIN,27,QB,4,0,4,8,0,1,4,2,2,0,MullNi00
256,Trevor Siemian,CHI,31,QB,2,1,4,8,0,1,6,2,4,0,SiemTr00
261,Brandon Allen,CIN,30,QB,1,0,3,-1,0,1,2,-0.3,-1,0,AlleBr00
264,Teddy Bridgewater,MIA,30,QB,5,2,3,27,0,2,11,9,5.4,0,BridTe00
265,Anthony Brown,BAL,24,QB,2,1,3,-5,0,0,-1,-1.7,-2.5,1,BrowAn06
266,Joe Flacco,NYJ,37,QB,5,4,3,6,0,1,7,2,1.2,5,FlacJo00
282,Tim Boyle,CHI,28,QB,1,0,2,-2,0,0,-1,-1,-2,0,BoylTi00
291,Nick Foles,IND,33,QB,3,2,2,8,0,0,8,4,2.7,0,FoleNi00
299,Josh Johnson,SFO,36,QB,2,0,2,3,0,0,4,1.5,1.5,0,JohnJo05
308,Nathan Peterman,CHI,28,QB,3,1,2,7,0,0,6,3.5,2.3,0,PeteNa00
329,Chase Daniel,LAC,36,QB,4,0,1,4,0,0,4,4,1,0,DaniCh00
349,Jordan Love,GNB,24,QB,4,0,1,-1,0,0,-1,-1,-0.3,0,LoveJo03
1,Derrick Henry*,TEN,28,RB,16,16,349,1538,13,65,56,4.4,96.1,6,HenrDe00
2,Josh Jacobs*+,LVR,24,RB,17,17,340,1653,12,93,86,4.9,97.2,3,JacoJo01
3,Nick Chubb*,CLE,27,RB,17,17,302,1525,12,69,41,5,89.7,1,ChubNi00
4,Saquon Barkley*,NYG,25,RB,16,16,295,1312,10,62,68,4.4,82,1,BarkSa00
5,Najee Harris,PIT,24,RB,17,17,272,1034,7,45,36,3.8,60.8,3,HarrNa00
6,Dalvin Cook*,MIN,27,RB,17,17,264,1173,8,50,81,4.4,69,4,CookDa01
7,Jamaal Williams,DET,27,RB,17,9,262,1066,17,65,58,4.1,62.7,3,WillJa06
8,Miles Sanders*,PHI,25,RB,17,15,259,1269,11,62,40,4.9,74.6,2,SandMi01
9,Christian McCaffrey*,2TM,26,RB,17,16,244,1139,8,59,49,4.7,67,1,McCaCh01
10,Ezekiel Elliott,DAL,27,RB,15,14,231,876,12,52,27,3.8,58.4,0,ElliEz00
11,Kenneth Walker III,SEA,22,RB,15,11,228,1050,9,51,74,4.6,70,0,WalkKe00
12,Alvin Kamara,NOR,27,RB,15,13,223,897,2,40,27,4,59.8,4,KamaAl00
13,Travis Etienne,JAX,23,RB,17,12,220,1125,5,52,62,5.1,66.2,5,EtieTr00
14,Dameon Pierce,HOU,22,RB,13,13,220,939,4,54,75,4.3,72.2,4,PierDa01
15,Aaron Jones,GNB,28,RB,17,17,213,1121,2,54,36,5.3,65.9,5,JoneAa00
16,Tyler Allgeier,ATL,22,RB,16,7,210,1035,3,53,44,4.9,64.7,0,AllgTy00
17,Joe Mixon,CIN,26,RB,14,14,210,814,7,47,40,3.9,58.1,0,MixoJo00
18,Rhamondre Stevenson,NWE,24,RB,17,7,210,1040,5,49,49,5,61.2,4,StevRh00
19,Brian Robinson Jr.,WAS,23,RB,12,9,205,797,2,49,24,3.9,66.4,2,RobiBr01
20,Austin Ekeler,LAC,27,RB,17,17,204,915,13,46,72,4.5,53.8,5,EkelAu00
21,D'Onta Foreman,CAR,26,RB,17,9,203,914,5,45,60,4.5,53.8,1,ForeDO00
22,David Montgomery,CHI,25,RB,16,16,201,801,5,41,28,4,50.1,2,MontDa01
23,Tony Pollard*,DAL,25,RB,16,4,193,1007,9,46,57,5.2,62.9,0,PollTo00
24,Jonathan Taylor,IND,23,RB,11,11,192,861,4,39,66,4.5,78.3,3,TaylJo02
25,Leonard Fournette,TAM,27,RB,16,9,189,668,3,39,23,3.5,41.8,0,FourLe00
26,Cam Akers,LAR,23,RB,15,9,188,786,7,39,42,4.2,52.4,2,AkerCa00
27,AJ Dillon,GNB,24,RB,17,3,186,770,7,47,27,4.1,45.3,1,DillAJ00
28,James Conner,ARI,27,RB,13,13,183,782,7,48,23,4.3,60.2,3,ConnJa00
29,Raheem Mostert,MIA,30,RB,16,14,181,891,3,44,67,4.9,55.7,1,MostRa00
30,Devin Singletary,BUF,25,RB,16,16,177,819,5,43,33,4.6,51.2,3,SingDe00
31,Jeff Wilson,2TM,27,RB,16,7,176,860,5,43,41,4.9,53.8,3,WilsJe01
32,Latavius Murray,2TM,32,RB,13,7,171,760,6,44,52,4.4,58.5,1,MurrLa00
33,Isiah Pacheco,KAN,23,RB,17,11,170,830,5,37,31,4.9,48.8,4,PachIs00
36,Antonio Gibson,WAS,24,RB,15,6,149,546,3,32,20,3.7,36.4,1,GibsAn00
37,Cordarrelle Patterson,ATL,31,RB,13,11,144,695,8,39,40,4.8,53.5,1,PattCo00
38,Khalil Herbert,CHI,24,RB,13,1,129,731,4,26,63,5.7,56.2,0,HerbKh00
39,Rachaad White,TAM,23,RB,17,8,129,481,1,27,35,3.7,28.3,3,WhitRa01
41,Kareem Hunt,CLE,27,RB,17,0,123,468,3,30,24,3.8,27.5,1,HuntKa00
43,Michael Carter,NYJ,23,RB,16,10,114,402,3,14,25,3.5,25.1,2,CartMi03
45,James Robinson,2TM,24,RB,11,5,110,425,3,22,50,3.9,38.6,1,RobiJa00
46,Kenyan Drake,BAL,28,RB,12,5,109,482,4,21,40,4.4,40.2,1,DrakKe00
47,Damien Harris,NWE,25,RB,11,9,106,462,3,23,30,4.4,42,0,HarrDa06
48,D'Andre Swift,DET,23,RB,14,8,99,542,5,21,50,5.5,38.7,1,SwifDA00
50,Chuba Hubbard,CAR,23,RB,15,2,95,466,2,23,35,4.9,31.1,2,HubbCh01
51,Samaje Perine,CIN,27,RB,16,2,95,394,2,19,29,4.1,24.6,0,PeriSa00
52,Zack Moss,2TM,25,RB,13,3,93,456,1,18,43,4.9,35.1,1,MossZa00
53,J.K. Dobbins,BAL,24,RB,8,8,92,520,2,26,44,5.7,65,0,DobbJK00
54,Melvin Gordon,DEN,29,RB,10,6,90,318,2,15,17,3.5,31.8,5,GordMe00
55,James Cook,BUF,23,RB,16,0,89,507,2,25,33,5.7,31.7,1,CookJa01
56,Gus Edwards,BAL,27,RB,9,4,87,433,3,30,37,5,48.1,1,EdwaGu00
57,Zonovan Knight,NYJ,21,RB,7,4,85,300,1,14,48,3.5,42.9,2,KnigZo00
59,Breece Hall,NYJ,21,RB,7,2,80,463,4,20,62,5.8,66.1,1,HallBr03
61,Jaylen Warren,PIT,24,RB,16,0,77,379,1,20,31,4.9,23.7,1,WarrJa01
62,Caleb Huntley,ATL,24,RB,12,0,76,366,1,18,30,4.8,30.5,1,HuntCa02
64,Alexander Mattison,MIN,24,RB,17,0,74,283,5,21,15,3.8,16.6,0,MattAl01
65,Jerick McKinnon,KAN,30,RB,17,0,72,291,1,12,30,4,17.1,1,McKiJe00
66,Clyde Edwards-Helaire,KAN,23,RB,10,6,71,302,3,15,52,4.3,30.2,0,EdwaCl00
67,Darrell Henderson,LAR,25,RB,10,7,70,283,3,14,23,4,28.3,0,HendDa00
68,Joshua Kelley,LAC,25,RB,13,1,69,287,2,16,22,4.2,22.1,0,KellJo01
69,Chase Edmonds,2TM,26,RB,13,3,68,245,2,8,28,3.6,18.8,0,EdmoCh00
70,Deon Jackson,IND,23,RB,16,2,68,236,1,13,17,3.5,14.8,1,JackDe02
73,Mark Ingram,NOR,33,RB,10,3,62,233,1,12,14,3.8,23.3,2,IngrMa01
76,Rashaad Penny,SEA,26,RB,5,5,57,346,2,15,41,6.1,69.2,1,PennRa00
79,Matt Breida,NYG,27,RB,17,1,54,220,1,13,18,4.1,12.9,0,BreiMa00
81,Boston Scott,PHI,27,RB,15,2,54,217,3,12,21,4,14.5,0,ScotBo02
82,Kenneth Gainwell,PHI,23,RB,17,0,53,240,4,17,13,4.5,14.1,0,GainKe00
84,Justice Hill,BAL,25,RB,15,0,49,262,0,15,34,5.3,17.5,2,HillJu00
86,Javonte Williams,DEN,22,RB,4,4,47,204,0,9,17,4.3,51,1,WillJa10
87,Jamycal Hasty,JAX,26,RB,17,0,46,194,2,7,61,4.2,11.4,0,HastJa02
88,Elijah Mitchell,SFO,24,RB,5,1,45,279,2,15,37,6.2,55.8,0,MitcEl00
91,Jordan Mason,SFO,23,RB,16,0,43,258,1,10,55,6,16.1,0,MasoJo00
92,Justin Jackson,DET,26,RB,16,0,42,170,1,8,27,4,10.6,0,JackJu01
93,Dare Ogunbowale,HOU,28,RB,17,4,42,123,1,10,11,2.9,7.2,0,OgunDa00
95,Royce Freeman,HOU,26,RB,4,1,41,117,0,7,11,2.9,29.3,1,FreeRo00
96,Malik Davis,DAL,24,RB,12,0,38,161,1,6,23,4.2,13.4,0,DaviMa02
98,Jonathan Williams,WAS,28,RB,13,2,37,152,0,6,23,4.1,11.7,0,WillJo07
99,Sony Michel,LAC,27,RB,10,0,36,106,0,8,12,2.9,10.6,0,MichSo00
101,DeeJay Dallas,SEA,24,RB,15,0,35,186,0,9,27,5.3,12.4,1,DallDe00
102,Kyren Williams,LAR,22,RB,10,0,35,139,0,6,17,4,13.9,0,WillKy02
103,Tyrion Davis-Price,SFO,22,RB,6,0,34,99,0,5,20,2.9,16.5,0,DaviTy03
107,Gary Brightwell,NYG,23,RB,17,0,31,141,1,9,25,4.5,8.3,0,BrigGa00
111,Ty Johnson,NYJ,25,RB,17,1,30,160,1,5,32,5.3,9.4,0,JohnTy02
116,Keaontay Ingram,ARI,23,RB,12,0,27,60,1,4,13,2.2,5,0,IngrKe01
119,Rex Burkhead,HOU,32,RB,16,0,26,80,0,4,9,3.1,5,0,BurkRe00
121,Hassan Haskins,TEN,23,RB,15,1,25,93,0,5,12,3.7,6.2,0,HaskHa00
122,Mike Boone,DEN,27,RB,9,0,24,102,0,6,18,4.3,11.3,0,BoonMi00
124,Trestan Ebner,CHI,23,RB,17,0,24,54,0,2,11,2.3,3.2,2,EbneTr00
125,Nyheim Hines,2TM,26,RB,16,5,24,33,1,2,9,1.4,2.1,2,HineNy00
126,Raheem Blackshear,CAR,23,RB,13,1,23,77,3,7,16,3.3,5.9,1,BlacRa00
128,Craig Reynolds,DET,26,RB,9,0,23,102,0,4,21,4.4,11.3,0,ReynCr00
130,Dontrell Hilliard,TEN,27,RB,12,1,22,145,0,4,30,6.6,12.1,0,HillDo00
131,J.D. McKissic,WAS,29,RB,8,0,22,95,0,5,33,4.3,11.9,0,McKiJ.00
134,Avery Williams,ATL,24,RB,17,3,22,109,1,6,21,5,6.4,1,WillAv02
135,Darrel Williams,ARI,27,RB,6,0,21,102,1,8,30,4.9,17,0,WillDa10
137,Benny Snell Jr.,PIT,24,RB,17,0,20,90,1,6,16,4.5,5.3,0,SnelBe00
138,Travis Homer,SEA,24,RB,10,1,19,74,0,4,16,3.9,7.4,1,HomeTr00
141,Malcolm Brown,LAR,29,RB,11,0,18,81,1,3,23,4.5,7.4,0,BrowMa03
142,Kevin Harris,NWE,22,RB,5,1,18,52,1,3,14,2.9,10.4,0,HarrKe01
143,Isaiah Spiller,LAC,21,RB,6,0,18,41,0,2,11,2.3,6.8,0,SpilIs00
144,Brandon Bolden,LVR,32,RB,16,0,17,66,0,3,12,3.9,4.1,0,BoldBr00
146,Ronald Jones II,KAN,25,RB,6,0,17,70,1,4,13,4.1,11.7,0,JoneRo01
147,Jaret Patterson,WAS,23,RB,3,0,17,78,0,3,14,4.6,26,0,PattJa01
149,Ke'Shawn Vaughn,TAM,25,RB,15,0,17,53,0,3,12,3.1,3.5,0,VaugKe00
150,Zamir White,LVR,23,RB,14,0,17,70,0,4,22,4.1,5,0,WhitZa01
154,Corey Clement,ARI,28,RB,9,1,15,55,1,6,12,3.7,6.1,0,ClemCo00
155,Phillip Lindsay,IND,28,RB,3,0,15,49,0,1,15,3.3,16.3,0,LindPh00
157,Darrynton Evans,CHI,24,RB,6,0,14,64,0,3,21,4.6,10.7,0,EvanDa02
161,Larry Rountree,LAC,23,RB,4,0,13,19,0,0,5,1.5,4.8,0,RounLa00
164,Jordan Wilkins,IND,28,RB,4,0,13,58,0,2,9,4.5,14.5,0,WilkJo01
166,Salvon Ahmed,MIA,24,RB,12,0,12,64,1,4,11,5.3,5.3,0,AhmeSa01
167,Tevin Coleman,SFO,29,RB,5,0,12,26,1,2,14,2.2,5.2,0,ColeTe01
168,Snoop Conner,JAX,22,RB,8,0,12,42,1,2,8,3.5,5.3,0,ConnSn00
170,David Johnson,NOR,31,RB,5,0,12,24,0,0,5,2,4.8,1,JohnDa08
171,Dwayne Washington,NOR,28,RB,12,0,11,38,0,2,8,3.5,3.2,0,WashDw00
172,Myles Gaskin,MIA,25,RB,4,0,10,26,0,2,10,2.6,6.5,0,GaskMy00
173,Tony Jones,2TM,25,RB,6,0,10,24,0,3,7,2.4,4,0,JoneTo04
176,Pierre Strong,NWE,24,RB,15,0,10,100,1,5,44,10,6.7,0,StroPi00
177,J.J. Taylor,NWE,24,RB,1,0,10,9,0,0,5,0.9,9,0,TaylJJ01
178,Patrick Taylor,GNB,24,RB,14,0,10,31,0,2,6,3.1,2.2,0,TaylPa01
182,Spencer Brown,CAR,24,RB,2,0,9,43,0,1,7,4.8,21.5,0,BrowSp01
183,Julius Chestnut,TEN,22,RB,6,0,9,12,0,1,5,1.3,2,0,ChesJu00
188,Kene Nwangwu,MIN,24,RB,17,0,9,14,0,1,8,1.6,0.8,0,NwanKe00
189,Ronnie Rivers,LAR,23,RB,8,1,9,21,0,1,5,2.3,2.6,0,RiveRo01
195,Giovani Bernard,TAM,31,RB,8,0,8,28,0,0,8,3.5,3.5,1,BernGi00
196,Mike Davis,BAL,29,RB,8,0,8,18,0,1,10,2.3,2.3,1,DaviMi01
198,Jerome Ford,CLE,23,RB,13,0,8,12,0,1,9,1.5,0.9,0,FordJe00
213,Ty Chandler,MIN,24,RB,3,0,6,20,0,1,10,3.3,6.7,0,ChanTy01
215,Anthony McFarland Jr.,PIT,23,RB,1,0,6,30,0,3,14,5,30,0,McFaAn00
222,Trayveon Williams,CIN,25,RB,8,0,6,30,0,1,16,5,3.8,0,WillTr06
237,Ameer Abdullah,LVR,29,RB,17,0,4,20,0,2,7,5,1.2,0,AbduAm00
248,D'Ernest Johnson,CLE,26,RB,15,0,4,17,0,1,7,4.3,1.1,0,JohnDE04
263,Reggie Bonnafon,WAS,26,RB,1,0,3,8,0,0,5,2.7,8,0,BonnRe00
268,Godwin Igwebuike,SEA,28,RB,5,0,3,4,0,0,4,1.3,0.8,0,IgweGo00
273,Devine Ozigbo,DEN,26,RB,4,0,3,4,0,0,4,1.3,1,0,OzigDe01
298,Duke Johnson,BUF,29,RB,1,0,2,4,0,1,4,2,4,0,JohnDu00
313,Trey Sermon,PHI,23,RB,2,0,2,19,0,2,14,9.5,9.5,0,SermTr00
316,Damien Williams,ATL,30,RB,1,1,2,2,0,0,2,1,2,0,WillDa05
321,Tyler Badie,DEN,22,RB,1,0,1,0,0,0,0,0,0,0,BadiTy00
337,Demetric Felton,CLE,24,RB,8,2,1,-4,0,0,-4,-4,-0.5,1,FeltDe00
343,Kylin Hill,GNB,24,RB,2,0,1,7,0,1,7,7,3.5,0,HillKy00
344,Jordan Howard,NOR,28,RB,2,0,1,1,0,0,1,1,0.5,0,HowaJo00
305,C.J. Moore,DET,27,S,11,0,2,55,0,2,42,27.5,5,1,MoorCJ01
328,Sean Chandler,CAR,26,S,17,0,1,2,0,1,2,2,0.1,0,ChanSe00
331,Ashtyn Davis,NYJ,26,S,14,0,1,2,0,1,2,2,0.1,0,DaviAs00
335,Matthias Farley,LVR,30,S,17,0,1,-3,0,0,-3,-3,-0.2,0,FarlMa00
336,Clayton Fejedelem,MIA,29,S,13,0,1,0,0,0,0,0,0,0,FejeCl00
348,Dallin Leavitt,GNB,28,S,17,0,1,0,0,0,0,0,0,0,LeavDa00
49,Taysom Hill,NOR,32,TE,16,8,96,575,7,34,60,6,35.9,2,HillTa00
262,Mark Andrews*,BAL,27,TE,15,15,3,8,0,3,4,2.7,0.5,1,AndrMa00
271,Chigoziem Okonkwo,TEN,23,TE,17,8,3,2,0,0,6,0.7,0.1,0,OkonCh00
284,Tyler Conklin,NYJ,27,TE,17,16,2,3,0,2,2,1.5,0.2,2,ConkTy00
289,Evan Engram,JAX,28,TE,17,14,2,13,0,1,13,6.5,0.8,0,EngrEv00
295,Connor Heyward,PIT,23,TE,17,0,2,27,0,2,21,13.5,1.6,0,HeywCo00
300,Travis Kelce*+,KAN,33,TE,17,17,2,5,0,1,4,2.5,0.3,1,KelcTr00
301,Cole Kmet,CHI,23,TE,17,17,2,9,0,1,8,4.5,0.5,1,KmetCo00
306,David Njoku,CLE,26,TE,14,14,2,-8,0,0,-2,-4,-0.6,1,NjokDa00
312,Armani Rogers,WAS,25,TE,11,3,2,26,0,1,24,13,2.4,0,RogeAr00
314,Durham Smythe,MIA,27,TE,16,15,2,1,1,1,1,0.5,0.1,0,SmytDu00
322,Daniel Bellinger,NYG,22,TE,12,11,1,2,1,1,2,2,0.2,1,BellDa00
326,Harrison Bryant,CLE,24,TE,17,9,1,8,0,1,8,8,0.5,0,BryaHa00
334,Gerald Everett,LAC,28,TE,16,11,1,0,0,0,0,0,0,0,EverGe00
338,Feleipe Franks,ATL,25,TE,11,1,1,0,0,0,0,0,0,0,FranFe00
339,Kylen Granson,IND,24,TE,13,4,1,0,0,0,0,0,0,1,GranKy00
341,Noah Gray,KAN,23,TE,17,8,1,1,1,1,1,1,0.1,0,GrayNo00
342,Peyton Hendershot,DAL,23,TE,17,2,1,2,1,1,2,2,0.1,1,HendPe01
357,Jonnu Smith,NWE,27,TE,14,8,1,5,0,1,5,5,0.4,1,SmitJo01
94,Deebo Samuel,SFO,26,WR,13,12,42,232,3,8,51,5.5,17.8,3,SamuDe00
97,Curtis Samuel,WAS,26,WR,17,12,38,187,1,11,21,4.9,11,1,SamuCu00
148,Brandon Powell,LAR,27,WR,17,6,17,80,0,6,20,4.7,4.7,1,PoweBr00
162,Steven Sims,PIT,25,WR,12,2,13,70,0,5,22,5.4,5.8,3,SimsSt00
165,Jamal Agnew*,JAX,27,WR,15,0,12,86,0,6,30,7.2,5.7,0,AgneJa00
169,Devin Duvernay*,BAL,25,WR,14,13,12,84,1,7,18,7,6,1,DuveDe00
174,CeeDee Lamb*,DAL,23,WR,17,17,10,47,0,3,14,4.7,2.8,0,LambCe00
175,D.J. Moore,CAR,25,WR,17,17,10,53,0,3,11,5.3,3.1,0,MoorD.00
180,Tutu Atwell,LAR,23,WR,13,4,9,34,1,2,11,3.8,2.6,0,AtweTu00
181,Braxton Berrios,NYJ,27,WR,17,2,9,91,2,5,25,10.1,5.4,1,BerrBr00
184,Chase Claypool,2TM,24,WR,15,11,9,59,0,3,15,6.6,3.9,1,ClayCh01
185,Velus Jones Jr.,CHI,25,WR,12,2,9,103,1,5,42,11.4,8.6,3,JoneVe00
186,Cooper Kupp,LAR,29,WR,9,9,9,52,1,4,20,5.8,5.8,2,KuppCo00
187,Isaiah McKenzie,BUF,27,WR,15,8,9,55,1,3,18,6.1,3.7,0,McKeIs00
191,Laviska Shenault Jr.,CAR,24,WR,13,4,9,65,1,1,41,7.2,5,0,ShenLa00
192,Amon-Ra St. Brown*,DET,23,WR,16,16,9,95,0,3,58,10.6,5.9,0,StxxAm00
199,Gunner Olszewski,PIT,26,WR,16,2,8,39,0,3,18,4.9,2.4,2,OlszGu00
201,Greg Dortch,ARI,24,WR,16,4,7,44,0,3,20,6.3,2.8,1,DortGr01
202,Tyreek Hill*+,MIA,28,WR,17,17,7,32,1,3,10,4.6,1.9,1,HillTy00
203,Diontae Johnson,PIT,26,WR,17,17,7,25,0,1,8,3.6,1.5,1,JohnDi01
205,Terry McLaurin*,WAS,27,WR,17,17,7,29,0,2,12,4.1,1.7,1,McLaTe00
207,Kalif Raymond,DET,28,WR,17,7,7,36,0,4,12,5.1,2.1,3,RaymKa00
209,Kadarius Toney,2TM,23,WR,9,4,7,82,1,5,32,11.7,9.1,1,ToneKa00
210,Christian Watson,GNB,23,WR,14,11,7,80,2,2,46,11.4,5.7,0,WatsCh00
212,Kendrick Bourne,NWE,27,WR,16,2,6,39,0,2,29,6.5,2.4,2,BourKe00
216,Rondale Moore,ARI,22,WR,8,8,6,-5,0,1,9,-0.8,-0.6,0,MoorRo02
218,Equanimeous St. Brown,CHI,26,WR,16,16,6,54,0,2,41,9,3.4,1,St.BEq00
224,Parris Campbell,IND,25,WR,17,16,5,58,0,2,28,11.6,3.4,1,CampPa00
225,Ja'Marr Chase*,CIN,22,WR,12,12,5,8,0,0,6,1.6,0.7,2,ChasJa00
228,Julio Jones,TAM,33,WR,10,5,5,45,0,4,15,9,4.5,0,JoneJu02
230,Christian Kirk,JAX,26,WR,17,17,5,11,0,0,5,2.2,0.6,1,KirkCh01
231,Elijah Moore,NYJ,22,WR,16,9,5,5,0,2,10,1,0.3,1,MoorEl00
235,Montrell Washington,DEN,23,WR,15,1,5,30,0,0,19,6,2,5,WashMo00
240,Treylon Burks,TEN,22,WR,11,6,4,47,0,3,20,11.8,4.3,0,BurkTr00
241,Pharoh Cooper,ARI,27,WR,5,1,4,15,0,0,6,3.8,3,0,CoopPh00
243,Mecole Hardman,KAN,24,WR,8,5,4,31,2,3,25,7.8,3.9,1,HardMe00
244,Mack Hollins,LVR,29,WR,17,16,4,40,0,2,17,10,2.4,0,HollMa00
246,Justin Jefferson*+,MIN,23,WR,17,17,4,24,1,2,10,6,1.4,0,JeffJu00
247,Jerry Jeudy,DEN,23,WR,15,14,4,40,0,4,14,10,2.7,0,JeudJe00
249,Zay Jones,JAX,27,WR,16,15,4,18,0,1,14,4.5,1.1,0,JoneZa00
250,Ray-Ray McCloud,SFO,26,WR,17,2,4,78,1,1,71,19.5,4.6,2,McClRa00
253,Jalen Reagor,MIN,23,WR,17,0,4,25,0,1,17,6.3,1.5,4,ReagJa00
254,Anthony Schwartz,CLE,22,WR,11,1,4,57,1,2,31,14.3,5.2,1,SchwAn00
255,Rashid Shaheed,NOR,24,WR,12,6,4,57,1,2,44,14.3,4.8,1,ShahRa00
257,Trent Taylor,CIN,28,WR,16,1,4,15,0,0,9,3.8,0.9,2,TaylTr02
258,DJ Turner,LVR,25,WR,9,0,4,26,0,1,18,6.5,2.9,1,TurnDJ00
259,Garrett Wilson,NYJ,22,WR,17,12,4,4,0,0,7,1,0.2,2,WilsGa00
260,Davante Adams*+,LVR,30,WR,17,17,3,-1,0,0,4,-0.3,-0.1,1,AdamDa01
267,Chris Godwin,TAM,26,WR,15,13,3,5,0,0,2,1.7,0.3,2,GodwCh00
269,Chris Moore,HOU,29,WR,16,7,3,3,0,0,3,1,0.2,0,MoorCh00
270,Skyy Moore,KAN,22,WR,16,3,3,24,0,1,12,8,1.5,3,MoorSk01
272,K.J. Osborn,MIN,25,WR,17,9,3,6,0,2,5,2,0.4,1,OsboKJ00
274,George Pickens,PIT,21,WR,17,12,3,24,1,2,22,8,1.4,0,PickGe00
275,Michael Pittman Jr.,IND,25,WR,16,16,3,30,0,2,19,10,1.9,2,PittMi01
276,Tyquan Thornton,NWE,22,WR,13,9,3,16,1,1,19,5.3,1.2,0,ThorTy00
277,KaVontae Turpin*,DAL,26,WR,17,0,3,17,0,1,11,5.7,1,3,TurpKa00
278,Jaylen Waddle,MIA,24,WR,17,17,3,26,0,0,9,8.7,1.5,1,WaddJa00
279,Quez Watkins,PHI,24,WR,17,8,3,1,0,0,4,0.3,0.1,1,WatkQu00
280,Brandon Aiyuk,SFO,24,WR,17,17,2,23,0,1,16,11.5,1.4,1,AiyuBr00
283,DeAndre Carter,LAC,29,WR,17,7,2,-15,0,0,-5,-7.5,-0.9,3,CartDe02
285,Brandin Cooks,HOU,29,WR,13,13,2,7,0,0,5,3.5,0.5,0,CookBr00
287,Jahan Dotson,WAS,22,WR,12,10,2,-7,0,0,3,-3.5,-0.6,0,DotsJa00
288,Ashton Dulin,IND,25,WR,12,2,2,8,0,1,5,4,0.7,0,DuliAs00
290,D'Wayne Eskridge,SEA,25,WR,10,0,2,10,0,0,6,5,1,0,EskrDW00
293,Marquise Goodwin,SEA,32,WR,13,2,2,5,0,0,7,2.5,0.4,0,GoodMa00
294,KJ Hamler,DEN,23,WR,7,0,2,23,0,1,14,11.5,3.3,0,HamlKJ00
296,Kendall Hinton,DEN,25,WR,12,5,2,13,0,1,13,6.5,1.1,0,HintKe00
297,Richie James,NYG,27,WR,17,4,2,6,0,0,4,3,0.4,3,JameRi00
302,Allen Lazard,GNB,27,WR,15,15,2,0,0,0,1,0,0,0,LazaAl00
303,Jakobi Meyers,NWE,26,WR,14,13,2,-11,0,2,7,-5.5,-0.8,2,MeyeJa01
304,Ty Montgomery,NWE,29,WR,1,0,2,-2,0,0,0,-1,-2,0,MontTy01
307,Breshad Perriman,TAM,29,WR,11,3,2,-7,0,0,0,-3.5,-0.6,2,PerrBr02
309,Dante Pettis,CHI,27,WR,17,7,2,37,0,2,29,18.5,2.2,1,PettDa00
310,Wan'Dale Robinson,NYG,21,WR,6,3,2,-1,0,0,4,-0.5,-0.2,0,RobiWa01
315,Deven Thompkins,TAM,23,WR,5,1,2,26,0,1,17,13,5.2,1,ThomDe07
317,Olamide Zaccheaus,ATL,25,WR,17,13,2,7,0,1,13,3.5,0.4,1,ZaccOl01
318,Keenan Allen,LAC,30,WR,10,10,1,8,0,1,8,8,0.8,1,AlleKe00
324,Dyami Brown,WAS,23,WR,15,0,1,15,0,1,15,15,1,0,BrowDy00
325,Marquise Brown,ARI,25,WR,12,10,1,1,0,0,1,1,0.1,1,BrowMa04
332,Stefon Diggs*,BUF,29,WR,16,16,1,-3,0,0,-3,-3,-0.2,1,DiggSt00
333,Romeo Doubs,GNB,22,WR,13,7,1,11,0,1,11,11,0.8,2,DoubRo00
340,Danny Gray,SFO,23,WR,13,0,1,9,0,0,9,9,0.7,0,GrayDa02
346,Trenton Irwin,CIN,27,WR,9,2,1,11,0,1,11,11,1.2,0,IrwiTr00
350,Racey McMath,TEN,23,WR,5,0,1,4,0,0,4,4,0.8,0,McMaRa00
351,Scott Miller,TAM,25,WR,15,1,1,8,0,0,8,8,0.5,0,MillSc01
352,Darnell Mooney,CHI,25,WR,12,12,1,2,0,0,2,2,0.2,0,MoonDa00
353,Josh Palmer,LAC,24,WR,16,11,1,4,0,1,4,4,0.3,1,PalmJo00
354,Zach Pascal,PHI,28,WR,17,2,1,0,0,0,0,0,0,0,PascZa00
355,Donovan Peoples-Jones,CLE,23,WR,17,14,1,2,0,0,2,2,0.1,1,PeopDo00
356,Ben Skowronek,LAR,25,WR,14,11,1,17,1,1,17,17,1.2,0,SkowBe00
361,Courtland Sutton,DEN,27,WR,15,15,1,5,0,0,5,5,0.3,0,SuttCo00
362,Adam Thielen,MIN,32,WR,17,17,1,4,0,0,4,4,0.2,0,ThieAd00
363,Marquez Valdes-Scantling,KAN,28,WR,17,11,1,-3,0,0,-3,-3,-0.2,0,ValdMa00
364,Jameson Williams,DET,21,WR,6,0,1,40,0,1,40,40,6.7,0,WillJa11
365,Cedrick Wilson Jr.,MIA,27,WR,15,0,1,8,0,0,8,8,0.5,0,WilsCe01
366,Michael Woods II,CLE,22,WR,10,0,1,-5,0,0,-5,-5,-0.5,0,WoodMi00
60,Eno Benjamin,3TM,23,RB,15,3,77,313,2,14,45,4.1,20.9,0,BenjEn00
109,Baker Mayfield,2TM,27,QB,12,10,31,89,1,7,17,2.9,7.4,9,MayfBa00
152,Marlon Mack,2TM,26,RB,8,0,16,84,1,4,17,5.3,10.5,0,MackMa00
234,Jonathan Ward,2TM,25,,8,0,5,25,0,2,12,5,3.1,0,WardJo00
311,Amari Rodgers,2TM,23,,16,1,2,7,0,0,4,3.5,0.4,6,RodgAm00
330,Jaelon Darden,2TM,23,,14,0,1,2,0,0,2,2,0.1,0,DardJa00
347,Andy Isabella,2TM,26,,5,0,1,1,0,0,1,1,0.2,0,IsabAn00
359,Ihmir Smith-Marsette,2TM,23,,8,0,1,-1,0,0,0,-1,-0.1,1,SmitIh00