Rk,Player,Tm,Age,Pos,G,GS,Att,Yds,TD,1D,YBC,YBC/Att,YAC,YAC/Att,BrkTkl,Att/Br,-9999
1,Derrick Henry,TEN,28,RB,16,16,349,1538,13,65,739,2.1,799,2.3,35,10,HenrDe00
2,Josh Jacobs,LVR,24,RB,17,17,340,1653,12,93,832,2.4,821,2.4,31,11,JacoJo01
3,Nick Chubb,CLE,27,RB,17,17,302,1525,12,69,830,2.7,695,2.3,28,10.8,ChubNi00
4,Saquon Barkley,NYG,25,RB,16,16,295,1312,10,62,749,2.5,563,1.9,12,24.6,BarkSa00
5,Najee Harris,PIT,24,RB,17,17,272,1034,7,45,577,2.1,457,1.7,21,13,HarrNa00
6,Dalvin Cook,MIN,27,RB,17,17,264,1173,8,50,692,2.6,481,1.8,12,22,CookDa01
7,Jamaal Williams,DET,27,RB,17,9,262,1066,17,65,626,2.4,440,1.7,13,20.2,WillJa06
8,Miles Sanders,PHI,25,RB,17,15,259,1269,11,62,837,3.2,432,1.7,13,19.9,SandMi01
9,Christian McCaffrey,2TM,26,RB,17,16,244,1139,8,59,683,2.8,456,1.9,10,24.4,McCaCh01
10,Ezekiel Elliott,DAL,27,RB,15,14,231,876,12,52,520,2.3,356,1.5,9,25.7,ElliEz00
11,Kenneth Walker III,SEA,22,RB,15,11,228,1050,9,51,623,2.7,427,1.9,12,19,WalkKe00
12,Alvin Kamara,NOR,27,RB,15,13,223,897,2,40,450,2,447,2,7,31.9,KamaAl00
13,Travis Etienne,JAX,23,RB,17,12,220,1125,5,52,738,3.4,387,1.8,14,15.7,EtieTr00
14,Dameon Pierce,HOU,22,RB,13,13,220,939,4,54,433,2,506,2.3,27,8.1,PierDa01
15,Aaron Jones,GNB,28,RB,17,17,213,1121,2,54,645,3,476,2.2,13,16.4,JoneAa00
16,Tyler Allgeier,ATL,22,RB,16,7,210,1035,3,53,609,2.9,426,2,5,42,AllgTy00
17,Joe Mixon,CIN,26,RB,14,14,210,814,7,47,505,2.4,309,1.5,8,26.3,MixoJo00
18,Rhamondre Stevenson,NWE,24,RB,17,7,210,1040,5,49,601,2.9,439,2.1,24,8.8,StevRh00
19,Brian Robinson Jr.,WAS,23,RB,12,9,205,797,2,49,457,2.2,340,1.7,8,25.6,RobiBr01
20,Austin Ekeler,LAC,27,RB,17,17,204,915,13,46,529,2.6,386,1.9,5,40.8,EkelAu00
21,D'Onta Foreman,CAR,26,RB,17,9,203,914,5,45,505,2.5,409,2,10,20.3,ForeDO00
22,David Montgomery,CHI,25,RB,16,16,201,801,5,41,405,2,396,2,20,10.1,MontDa01
23,Tony Pollard,DAL,25,RB,16,4,193,1007,9,46,504,2.6,503,2.6,11,17.5,PollTo00
24,Jonathan Taylor,IND,23,RB,11,11,192,861,4,39,481,2.5,380,2,24,8,TaylJo02
25,Leonard Fournette,TAM,27,RB,16,9,189,668,3,39,382,2,286,1.5,4,47.3,FourLe00
26,Cam Akers,LAR,23,RB,15,9,188,786,7,39,379,2,407,2.2,13,14.5,AkerCa00
27,AJ Dillon,GNB,24,RB,17,3,186,770,7,47,453,2.4,317,1.7,6,31,DillAJ00
28,James Conner,ARI,27,RB,13,13,183,782,7,48,444,2.4,338,1.8,5,36.6,ConnJa00
29,Raheem Mostert,MIA,30,RB,16,14,181,891,3,44,512,2.8,379,2.1,16,11.3,MostRa00
30,Devin Singletary,BUF,25,RB,16,16,177,819,5,43,546,3.1,273,1.5,9,19.7,SingDe00
31,Jeff Wilson,2TM,27,RB,16,7,176,860,5,43,582,3.3,278,1.6,9,19.6,WilsJe01
32,Latavius Murray,2TM,32,RB,13,7,171,760,6,44,478,2.8,282,1.6,5,34.2,MurrLa00
33,Isiah Pacheco,KAN,23,RB,17,11,170,830,5,37,537,3.2,293,1.7,4,42.5,PachIs00
34,Jalen Hurts,PHI,24,QB,15,15,165,760,13,67,627,3.8,133,0.8,8,20.6,HurtJa00
35,Justin Fields,CHI,23,QB,15,15,160,1143,8,65,856,5.4,287,1.8,10,16,FielJu00
36,Antonio Gibson,WAS,24,RB,15,6,149,546,3,32,326,2.2,220,1.5,5,29.8,GibsAn00
37,Cordarrelle Patterson,ATL,31,RB,13,11,144,695,8,39,414,2.9,281,2,4,36,PattCo00
38,Khalil Herbert,CHI,24,RB,13,1,129,731,4,26,404,3.1,327,2.5,9,14.3,HerbKh00
39,Rachaad White,TAM,23,RB,17,8,129,481,1,27,315,2.4,166,1.3,4,32.3,WhitRa01
40,Josh Allen,BUF,26,QB,16,16,124,762,7,55,592,4.8,170,1.4,5,24.8,AlleJo02
41,Kareem Hunt,CLE,27,RB,17,0,123,468,3,30,233,1.9,235,1.9,6,20.5,HuntKa00
42,Daniel Jones,NYG,25,QB,16,16,120,708,7,57,562,4.7,146,1.2,2,60,JoneDa05
43,Michael Carter,NYJ,23,RB,16,10,114,402,3,14,270,2.4,132,1.2,7,16.3,CartMi03
44,Lamar Jackson,BAL,25,QB,12,12,112,764,3,47,542,4.8,222,2,14,8,JackLa00
45,James Robinson,2TM,24,RB,11,5,110,425,3,22,288,2.6,137,1.2,6,18.3,RobiJa00
46,Kenyan Drake,BAL,28,RB,12,5,109,482,4,21,355,3.3,127,1.2,0,,DrakKe00
47,Damien Harris,NWE,25,RB,11,9,106,462,3,23,304,2.9,158,1.5,5,21.2,HarrDa06
48,D'Andre Swift,DET,23,RB,14,8,99,542,5,21,369,3.7,173,1.7,5,19.8,SwifDA00
49,Taysom Hill,NOR,32,TE,16,8,96,575,7,34,354,3.7,221,2.3,1,96,HillTa00
50,Chuba Hubbard,CAR,23,RB,15,2,95,466,2,23,295,3.1,171,1.8,4,23.8,HubbCh01
51,Samaje Perine,CIN,27,RB,16,2,95,394,2,19,232,2.4,162,1.7,5,19,PeriSa00
52,Zack Moss,2TM,25,RB,13,3,93,456,1,18,263,2.8,193,2.1,8,11.6,MossZa00
53,J.K. Dobbins,BAL,24,RB,8,8,92,520,2,26,319,3.5,201,2.2,9,10.2,DobbJK00
54,Melvin Gordon,DEN,29,RB,10,6,90,318,2,15,168,1.9,150,1.7,5,18,GordMe00
55,James Cook,BUF,23,RB,16,0,89,507,2,25,329,3.7,178,2,3,29.7,CookJa01
56,Gus Edwards,BAL,27,RB,9,4,87,433,3,30,248,2.9,185,2.1,6,14.5,EdwaGu00
57,Zonovan Knight,NYJ,21,RB,7,4,85,300,1,14,214,2.5,86,1,2,42.5,KnigZo00
58,Marcus Mariota,ATL,29,QB,13,13,85,438,4,30,333,3.9,105,1.2,1,85,MariMa01
59,Breece Hall,NYJ,21,RB,7,2,80,463,4,20,332,4.2,131,1.6,3,26.7,HallBr03
60,Eno Benjamin,3TM,23,,15,3,77,313,2,14,160,2.1,153,2,7,11,BenjEn00
61,Jaylen Warren,PIT,24,RB,16,0,77,379,1,20,242,3.1,137,1.8,5,15.4,WarrJa01
62,Caleb Huntley,ATL,24,RB,12,0,76,366,1,18,219,2.9,147,1.9,0,,HuntCa02
63,Joe Burrow,CIN,26,QB,16,16,75,257,5,28,220,2.9,37,0.5,0,,BurrJo01
64,Alexander Mattison,MIN,24,RB,17,0,74,283,5,21,171,2.3,112,1.5,6,12.3,MattAl01
65,Jerick McKinnon,KAN,30,RB,17,0,72,291,1,12,180,2.5,111,1.5,6,12,McKiJe00
66,Clyde Edwards-Helaire,KAN,23,RB,10,6,71,302,3,15,134,1.9,168,2.4,3,23.7,EdwaCl00
67,Darrell Henderson,LAR,25,RB,10,7,70,283,3,14,185,2.6,98,1.4,2,35,HendDa00
68,Joshua Kelley,LAC,25,RB,13,1,69,287,2,16,165,2.4,122,1.8,4,17.3,KellJo01
69,Chase Edmonds,2TM,26,RB,13,3,68,245,2,8,154,2.3,91,1.3,0,,EdmoCh00
70,Deon Jackson,IND,23,RB,16,2,68,236,1,13,136,2,100,1.5,1,68,JackDe02
71,Geno Smith,SEA,32,QB,17,17,68,366,1,24,326,4.8,40,0.6,2,34,SmitGe00
72,Kyler Murray,ARI,25,QB,11,11,67,418,3,23,395,5.9,23,0.3,2,33.5,MurrKy00
73,Mark Ingram,NOR,33,RB,10,3,62,233,1,12,139,2.2,94,1.5,4,15.5,IngrMa01
74,Trevor Lawrence,JAX,23,QB,17,17,62,291,5,27,255,4.1,36,0.6,3,20.7,LawrTr00
75,Patrick Mahomes,KAN,27,QB,17,17,61,358,4,25,345,5.7,13,0.2,0,,MahoPa00
76,Rashaad Penny,SEA,26,RB,5,5,57,346,2,15,169,3,177,3.1,2,28.5,PennRa00
77,Kenny Pickett,PIT,24,QB,13,12,55,237,3,23,207,3.8,30,0.5,0,,PickKe00
78,Russell Wilson,DEN,34,QB,15,15,55,277,3,21,256,4.7,21,0.4,0,,WilsRu00
79,Matt Breida,NYG,27,RB,17,1,54,220,1,13,151,2.8,69,1.3,2,27,BreiMa00
80,Justin Herbert,LAC,24,QB,17,17,54,147,0,17,138,2.6,9,0.2,0,,HerbJu00
81,Boston Scott,PHI,27,RB,15,2,54,217,3,12,170,3.1,47,0.9,2,27,ScotBo02
82,Kenneth Gainwell,PHI,23,RB,17,0,53,240,4,17,169,3.2,71,1.3,2,26.5,GainKe00
83,Jacoby Brissett,CLE,30,QB,16,11,49,243,2,28,170,3.5,73,1.5,2,24.5,BrisJa00
84,Justice Hill,BAL,25,RB,15,0,49,262,0,15,176,3.6,86,1.8,7,7,HillJu00
85,Mac Jones,NWE,24,QB,14,14,47,102,1,12,91,1.9,11,0.2,0,,JoneMa05
86,Javonte Williams,DEN,22,RB,4,4,47,204,0,9,94,2,110,2.3,6,7.8,WillJa10
87,Jamycal Hasty,JAX,26,RB,17,0,46,194,2,7,145,3.2,49,1.1,5,9.2,HastJa02
88,Elijah Mitchell,SFO,24,RB,5,1,45,279,2,15,170,3.8,109,2.4,2,22.5,MitcEl00
89,Dak Prescott,DAL,29,QB,12,12,45,182,1,19,132,2.9,50,1.1,1,45,PresDa01
90,Tyler Huntley,BAL,24,QB,6,4,43,137,1,12,132,3.1,5,0.1,0,,HuntTy01
91,Jordan Mason,SFO,23,RB,16,0,43,258,1,10,123,2.9,135,3.1,3,14.3,MasoJo00
92,Justin Jackson,DET,26,RB,16,0,42,170,1,8,90,2.1,80,1.9,3,14,JackJu01
93,Dare Ogunbowale,HOU,28,RB,17,4,42,123,1,10,87,2.1,36,0.9,0,,OgunDa00
94,Deebo Samuel,SFO,26,WR,13,12,42,232,3,8,127,3,105,2.5,3,14,SamuDe00
95,Royce Freeman,HOU,26,RB,4,1,41,117,0,7,92,2.2,25,0.6,2,20.5,FreeRo00
96,Malik Davis,DAL,24,RB,12,0,38,161,1,6,119,3.1,42,1.1,2,19,DaviMa02
97,Curtis Samuel,WAS,26,WR,17,12,38,187,1,11,121,3.2,66,1.7,1,38,SamuCu00
98,Jonathan Williams,WAS,28,RB,13,2,37,152,0,6,62,1.7,90,2.4,1,37,WillJo07
99,Sony Michel,LAC,27,RB,10,0,36,106,0,8,42,1.2,64,1.8,3,12,MichSo00
100,Deshaun Watson,CLE,27,QB,6,6,36,175,1,10,140,3.9,35,1,0,,WatsDe00
101,DeeJay Dallas,SEA,24,RB,15,0,35,186,0,9,131,3.7,55,1.6,3,11.7,DallDe00
102,Kyren Williams,LAR,22,RB,10,0,35,139,0,6,80,2.3,59,1.7,0,,WillKy02
103,Tyrion Davis-Price,SFO,22,RB,6,0,34,99,0,5,46,1.4,53,1.6,2,17,DaviTy03
104,Aaron Rodgers,GNB,39,QB,17,17,34,94,1,9,82,2.4,12,0.4,0,,RodgAa00
105,Ryan Tannehill,TEN,34,QB,12,12,34,98,2,12,77,2.3,21,0.6,1,34,TannRy00
106,Davis Mills,HOU,24,QB,15,15,32,108,2,8,107,3.3,1,0,0,,MillDa02
107,Gary Brightwell,NYG,23,RB,17,0,31,141,1,9,82,2.6,59,1.9,1,31,BrigGa00
108,Kirk Cousins,MIN,34,QB,17,17,31,97,2,11,66,2.1,31,1,0,,CousKi00
109,Baker Mayfield,2TM,27,QB,12,10,31,89,1,7,70,2.3,19,0.6,1,31,MayfBa00
110,Andy Dalton,NOR,35,QB,14,14,30,54,0,6,45,1.5,9,0.3,0,,DaltAn00
111,Ty Johnson,NYJ,25,RB,17,1,30,160,1,5,72,2.4,88,2.9,7,4.3,JohnTy02
112,Tom Brady,TAM,45,QB,17,17,29,-1,1,5,-6,-0.2,5,0.2,0,,BradTo00
113,Jared Goff,DET,28,QB,17,17,29,73,0,5,67,2.3,6,0.2,0,,GoffJa00
114,Taylor Heinicke,WAS,29,QB,9,9,28,96,1,6,71,2.5,25,0.9,1,28,HeinTa00
115,Zach Wilson,NYJ,23,QB,9,9,28,102,1,7,98,3.5,4,0.1,0,,WilsZa00
116,Keaontay Ingram,ARI,23,RB,12,0,27,60,1,4,24,0.9,36,1.3,0,,IngrKe01
117,Matt Ryan,IND,37,QB,12,12,27,70,1,9,59,2.2,11,0.4,0,,RyanMa00
118,Malik Willis,TEN,23,QB,8,3,27,123,1,8,89,3.3,34,1.3,3,9,WillMa12
119,Rex Burkhead,HOU,32,RB,16,0,26,80,0,4,49,1.9,31,1.2,2,13,BurkRe00
120,Sam Darnold,CAR,25,QB,6,6,26,106,2,10,82,3.2,24,0.9,0,,DarnSa00
121,Hassan Haskins,TEN,23,RB,15,1,25,93,0,5,31,1.2,62,2.5,2,12.5,HaskHa00
122,Mike Boone,DEN,27,RB,9,0,24,102,0,6,69,2.9,33,1.4,3,8,BoonMi00
123,Derek Carr,LVR,31,QB,15,15,24,102,0,10,90,3.8,12,0.5,0,,CarrDe02
124,Trestan Ebner,CHI,23,RB,17,0,24,54,0,2,24,1,30,1.3,1,24,EbneTr00
125,Nyheim Hines,2TM,26,RB,16,5,24,33,1,2,24,1,9,0.4,0,,HineNy00
126,Raheem Blackshear,CAR,23,RB,13,1,23,77,3,7,38,1.7,39,1.7,1,23,BlacRa00
127,Jimmy Garoppolo,SFO,31,QB,11,10,23,33,2,12,14,0.6,19,0.8,0,,GaroJi00
128,Craig Reynolds,DET,26,RB,9,0,23,102,0,4,68,3,34,1.5,0,,ReynCr00
129,Tua Tagovailoa,MIA,24,QB,13,13,23,70,0,4,61,2.7,9,0.4,0,,TagoTu00
130,Dontrell Hilliard,TEN,27,RB,12,1,22,145,0,4,109,5,36,1.6,0,,HillDo00
131,J.D. McKissic,WAS,29,RB,8,0,22,95,0,5,64,2.9,31,1.4,1,22,McKiJ.00
132,Brock Purdy,SFO,23,QB,9,5,22,13,1,5,6,0.3,7,0.3,0,,PurdBr00
133,Carson Wentz,WAS,30,QB,8,7,22,86,1,4,65,3,21,1,1,22,WentCa00
134,Avery Williams,ATL,24,RB,17,3,22,109,1,6,83,3.8,26,1.2,0,,WillAv02
135,Darrel Williams,ARI,27,RB,6,0,21,102,1,8,78,3.7,24,1.1,0,,WillDa10
136,Jeff Driskel,HOU,29,QB,7,2,20,75,0,4,50,2.5,25,1.3,1,20,DrisJe00
137,Benny Snell Jr.,PIT,24,RB,17,0,20,90,1,6,54,2.7,36,1.8,0,,SnelBe00
138,Travis Homer,SEA,24,RB,10,1,19,74,0,4,42,2.2,32,1.7,1,19,HomeTr00
139,Bryce Perkins,LAR,26,QB,5,1,19,90,0,6,53,2.8,37,1.9,0,,PerkBr02
140,Mitchell Trubisky,PIT,28,QB,7,5,19,38,2,7,23,1.2,15,0.8,1,19,TrubMi00
141,Malcolm Brown,LAR,29,RB,11,0,18,81,1,3,62,3.4,19,1.1,2,9,BrowMa03
142,Kevin Harris,NWE,22,RB,5,1,18,52,1,3,29,1.6,23,1.3,3,6,HarrKe01
143,Isaiah Spiller,LAC,21,RB,6,0,18,41,0,2,17,0.9,24,1.3,0,,SpilIs00
144,Brandon Bolden,LVR,32,RB,16,0,17,66,0,3,50,2.9,16,0.9,0,,BoldBr00
145,Sam Ehlinger,IND,24,QB,4,3,17,87,0,5,80,4.7,7,0.4,0,,EhliSa00
146,Ronald Jones II,KAN,25,RB,6,0,17,70,1,4,47,2.8,23,1.4,1,17,JoneRo01
147,Jaret Patterson,WAS,23,RB,3,0,17,78,0,3,40,2.4,38,2.2,0,,PattJa01
148,Brandon Powell,LAR,27,WR,17,6,17,80,0,6,51,3,29,1.7,0,,PoweBr00
149,Ke'Shawn Vaughn,TAM,25,RB,15,0,17,53,0,3,41,2.4,12,0.7,1,17,VaugKe00
150,Zamir White,LVR,23,RB,14,0,17,70,0,4,39,2.3,31,1.8,0,,WhitZa01
151,Trey Lance,SFO,22,QB,2,2,16,67,0,7,50,3.1,17,1.1,2,8,LancTr00
152,Marlon Mack,2TM,26,,8,0,16,84,1,4,61,3.8,23,1.4,2,8,MackMa00
153,Desmond Ridder,ATL,23,QB,4,4,16,64,0,4,49,3.1,15,0.9,0,,RiddDe00
154,Corey Clement,ARI,28,RB,9,1,15,55,1,6,41,2.7,14,0.9,0,,ClemCo00
155,Phillip Lindsay,IND,28,RB,3,0,15,49,0,1,30,2,19,1.3,0,,LindPh00
156,Trace McSorley,ARI,27,QB,6,1,15,61,0,3,56,3.7,5,0.3,0,,McSoTr00
157,Darrynton Evans,CHI,24,RB,6,0,14,64,0,3,37,2.6,27,1.9,0,,EvanDa02
158,Colt McCoy,ARI,36,QB,4,3,14,36,0,5,16,1.1,20,1.4,1,14,McCoCo00
159,Jarrett Stidham,LVR,26,QB,5,2,14,84,0,7,79,5.6,5,0.4,0,,StidJa00
160,Skylar Thompson,MIA,25,QB,7,2,14,21,0,1,20,1.4,1,0.1,0,,ThomSk00
161,Larry Rountree,LAC,23,RB,4,0,13,19,0,0,9,0.7,10,0.8,0,,RounLa00
162,Steven Sims,PIT,25,WR,12,2,13,70,0,5,65,5,5,0.4,0,,SimsSt00
163,Matthew Stafford,LAR,34,QB,9,9,13,9,1,3,3,0.2,6,0.5,1,13,StafMa00
164,Jordan Wilkins,IND,28,RB,4,0,13,58,0,2,41,3.2,17,1.3,0,,WilkJo01
165,Jamal Agnew,JAX,27,WR,15,0,12,86,0,6,80,6.7,6,0.5,1,12,AgneJa00
166,Salvon Ahmed,MIA,24,RB,12,0,12,64,1,4,37,3.1,27,2.3,1,12,AhmeSa01
167,Tevin Coleman,SFO,29,RB,5,0,12,26,1,2,13,1.1,13,1.1,0,,ColeTe01
168,Snoop Conner,JAX,22,RB,8,0,12,42,1,2,31,2.6,11,0.9,0,,ConnSn00
169,Devin Duvernay,BAL,25,WR,14,13,12,84,1,7,75,6.3,9,0.8,0,,DuveDe00
170,David Johnson,NOR,31,RB,5,0,12,24,0,0,6,0.5,18,1.5,0,,JohnDa08
171,Dwayne Washington,NOR,28,RB,12,0,11,38,0,2,17,1.5,21,1.9,1,11,WashDw00
172,Myles Gaskin,MIA,25,RB,4,0,10,26,0,2,14,1.4,12,1.2,0,,GaskMy00
173,Tony Jones,2TM,25,RB,6,0,10,24,0,3,12,1.2,12,1.2,1,10,JoneTo04
174,CeeDee Lamb,DAL,23,WR,17,17,10,47,0,3,36,3.6,11,1.1,1,10,LambCe00
175,D.J. Moore,CAR,25,WR,17,17,10,53,0,3,37,3.7,16,1.6,0,,MoorD.00
176,Pierre Strong,NWE,24,RB,15,0,10,100,1,5,81,8.1,19,1.9,0,,StroPi00
177,J.J. Taylor,NWE,24,RB,1,0,10,9,0,,4,0.4,5,0.5,1,10,TaylJJ01
178,Patrick Taylor,GNB,24,RB,14,0,10,31,0,2,13,1.3,18,1.8,0,,TaylPa01
179,Bailey Zappe,NWE,23,QB,4,2,10,0,0,0,0,0,0,0,0,,ZappBa00
180,Tutu Atwell,LAR,23,WR,13,4,9,34,1,2,25,2.8,9,1,0,,AtweTu00
181,Braxton Berrios,NYJ,27,WR,17,2,9,91,2,5,72,8,19,2.1,0,,BerrBr00
182,Spencer Brown,CAR,24,RB,2,0,9,43,0,1,32,3.6,11,1.2,0,,BrowSp01
183,Julius Chestnut,TEN,22,RB,6,0,9,12,0,1,5,0.6,7,0.8,1,9,ChesJu00
184,Chase Claypool,2TM,24,WR,15,11,9,59,0,3,45,5,14,1.6,0,,ClayCh01
185,Velus Jones Jr.,CHI,25,WR,12,2,9,103,1,5,66,7.3,37,4.1,1,9,JoneVe00
186,Cooper Kupp,LAR,29,WR,9,9,9,52,1,4,44,4.9,8,0.9,0,,KuppCo00
187,Isaiah McKenzie,BUF,27,WR,15,8,9,55,1,3,47,5.2,8,0.9,0,,McKeIs00
188,Kene Nwangwu,MIN,24,RB,17,0,9,14,0,1,4,0.4,10,1.1,0,,NwanKe00
189,Ronnie Rivers,LAR,23,RB,8,1,9,21,0,1,16,1.8,5,0.6,0,,RiveRo01
190,Cooper Rush,DAL,29,QB,9,5,9,6,0,1,6,0.7,0,0,0,,RushCo00
191,Laviska Shenault Jr.,CAR,24,WR,13,4,9,65,1,1,61,6.8,4,0.4,0,,ShenLa00
192,Amon-Ra St. Brown,DET,23,WR,16,16,9,95,0,3,80,8.9,15,1.7,0,,StxxAm00
193,Chris Streveler,NYJ,27,QB,2,1,9,54,0,1,42,4.7,12,1.3,0,,StreCh00
194,Derek Watt,PIT,30,FB,17,3,9,21,1,8,12,1.3,9,1,0,,WattDe00
195,Giovani Bernard,TAM,31,RB,8,0,8,28,0,,26,3.3,2,0.3,0,,BernGi00
196,Mike Davis,BAL,29,RB,8,0,8,18,0,1,13,1.6,5,0.6,1,8,DaviMi01
197,Joshua Dobbs,TEN,27,QB,2,2,8,44,0,4,37,4.6,7,0.9,0,,DobbJo00
198,Jerome Ford,CLE,23,RB,13,0,8,12,0,1,-1,-0.1,13,1.6,0,,FordJe00
199,Gunner Olszewski,PIT,26,WR,16,2,8,39,0,3,25,3.1,14,1.8,0,,OlszGu00
200,John Wolford,LAR,27,QB,3,3,8,32,0,2,25,3.1,7,0.9,0,,WolfJo00
201,Greg Dortch,ARI,24,WR,16,4,7,44,0,3,28,4,16,2.3,0,,DortGr01
202,Tyreek Hill,MIA,28,WR,17,17,7,32,1,3,26,3.7,6,0.9,1,7,HillTy00
203,Diontae Johnson,PIT,26,WR,17,17,7,25,0,1,19,2.7,6,0.9,0,,JohnDi01
204,Kyle Juszczyk,SFO,31,FB,16,12,7,26,1,5,12,1.7,14,2,0,,JuszKy00
205,Terry McLaurin,WAS,27,WR,17,17,7,29,0,2,23,3.3,6,0.9,0,,McLaTe00
206,Gardner Minshew II,PHI,26,QB,5,2,7,3,1,1,3,0.4,0,0,0,,MinsGa00
207,Kalif Raymond,DET,28,WR,17,7,7,36,0,4,24,3.4,12,1.7,0,,RaymKa00
208,Patrick Ricard,BAL,28,FB,17,16,7,16,0,5,7,1,9,1.3,0,,RicaPa00
209,Kadarius Toney,2TM,23,WR,9,4,7,82,1,5,55,7.9,27,3.9,1,7,ToneKa00
210,Christian Watson,GNB,23,WR,14,11,7,80,2,2,77,11,3,0.4,0,,WatsCh00
211,Kyle Allen,HOU,26,QB,2,2,6,13,0,2,12,2,1,0.2,0,,AlleKy00
212,Kendrick Bourne,NWE,27,WR,16,2,6,39,0,2,25,4.2,14,2.3,2,3,BourKe00
213,Ty Chandler,MIN,24,RB,3,0,6,20,0,1,8,1.3,12,2,0,,ChanTy01
214,Alec Ingold,MIA,26,FB,17,14,6,8,1,5,3,0.5,5,0.8,0,,IngoAl01
215,Anthony McFarland Jr.,PIT,23,RB,1,0,6,30,0,3,16,2.7,14,2.3,1,6,McFaAn00
216,Rondale Moore,ARI,22,WR,8,8,6,-5,0,1,-7,-1.2,2,0.3,0,,MoorRo02
217,Brett Rypien,DEN,26,QB,4,2,6,7,0,2,6,1,1,0.2,0,,RypiBr00
218,Equanimeous St. Brown,CHI,26,WR,16,16,6,54,0,2,42,7,12,2,0,,St.BEq00
219,P.J. Walker,CAR,27,QB,6,5,6,39,0,3,28,4.7,11,1.8,1,6,WalkPh00
220,Davis Webb,NYG,27,QB,1,1,6,41,1,2,41,6.8,0,0,0,,WebbDa00
221,Mike White,NYJ,27,QB,4,4,6,9,1,3,7,1.2,2,0.3,0,,WhitMi01
222,Trayveon Williams,CIN,25,RB,8,0,6,30,0,1,9,1.5,21,3.5,1,6,WillTr06
223,Michael Burton,KAN,30,FB,17,0,5,7,0,2,4,0.8,3,0.6,0,,BurtMi00
224,Parris Campbell,IND,25,WR,17,16,5,58,0,2,41,8.2,17,3.4,0,,CampPa00
225,Ja'Marr Chase,CIN,22,WR,12,12,5,8,0,0,6,1.2,2,0.4,0,,ChasJa00
226,Chad Henne,KAN,37,QB,3,0,5,-5,0,,-5,-1,0,0,0,,HennCh01
227,Sam Howell,WAS,22,QB,1,1,5,35,1,4,30,6,5,1,0,,HoweSa00
228,Julio Jones,TAM,33,WR,10,5,5,45,0,4,38,7.6,7,1.4,0,,JoneJu02
229,Case Keenum,BUF,34,QB,2,0,5,0,0,,0,0,0,0,0,,KeenCa00
230,Christian Kirk,JAX,26,WR,17,17,5,11,0,0,4,0.8,7,1.4,1,5,KirkCh01
231,Elijah Moore,NYJ,22,WR,16,9,5,5,0,2,-4,-0.8,9,1.8,0,,MoorEl00
232,Nate Sudfeld,DET,29,QB,2,0,5,-4,0,,-4,-0.8,0,0,0,,SudfNa00
233,Tyrod Taylor,NYG,33,QB,3,0,5,70,0,5,64,12.8,6,1.2,0,,TaylTy00
234,Jonathan Ward,2TM,25,,8,0,5,25,0,2,16,3.2,9,1.8,0,,WardJo00
235,Montrell Washington,DEN,23,WR,15,1,5,30,0,,10,2,20,4,2,2.5,WashMo00
236,Jameis Winston,NOR,28,QB,3,3,5,16,0,0,7,1.4,9,1.8,0,,WinsJa00
237,Ameer Abdullah,LVR,29,RB,17,0,4,20,0,2,13,3.3,7,1.8,0,,AbduAm00
238,C.J. Beathard,JAX,29,QB,4,0,4,-4,0,0,-4,-1,0,0,0,,BeatC.00
239,David Blough,ARI,27,QB,2,2,4,5,0,0,5,1.3,0,0,0,,BlouDa00
240,Treylon Burks,TEN,22,WR,11,6,4,47,0,3,32,8,15,3.8,0,,BurkTr00
241,Pharoh Cooper,ARI,27,WR,5,1,4,15,0,,12,3,3,0.8,1,4,CoopPh00
242,C.J. Ham,MIN,29,FB,17,4,4,7,2,3,5,1.3,2,0.5,0,,HamxC.00
243,Mecole Hardman,KAN,24,WR,8,5,4,31,2,3,27,6.8,4,1,1,4,HardMe00
244,Mack Hollins,LVR,29,WR,17,16,4,40,0,2,38,9.5,2,0.5,0,,HollMa00
245,Zander Horvath,LAC,24,FB,15,2,4,8,0,2,6,1.5,2,0.5,0,,HorvZa00
246,Justin Jefferson,MIN,23,WR,17,17,4,24,1,2,21,5.3,3,0.8,0,,JeffJu00
247,Jerry Jeudy,DEN,23,WR,15,14,4,40,0,4,35,8.8,5,1.3,0,,JeudJe00
248,D'Ernest Johnson,CLE,26,RB,15,0,4,17,0,1,5,1.3,12,3,0,,JohnDE04
249,Zay Jones,JAX,27,WR,16,15,4,18,0,1,16,4,2,0.5,0,,JoneZa00
250,Ray-Ray McCloud,SFO,26,WR,17,2,4,78,1,1,76,19,2,0.5,0,,McClRa00
251,Nick Mullens,MIN,27,QB,4,0,4,8,0,1,7,1.8,1,0.3,0,,MullNi00
252,Adam Prentice,NOR,25,FB,11,2,4,9,0,3,3,0.8,6,1.5,0,,PrenAd00
253,Jalen Reagor,MIN,23,WR,17,0,4,25,0,1,21,5.3,4,1,0,,ReagJa00
254,Anthony Schwartz,CLE,22,WR,11,1,4,57,1,2,55,13.8,2,0.5,0,,SchwAn00
255,Rashid Shaheed,NOR,24,WR,12,6,4,57,1,2,41,10.3,16,4,1,4,ShahRa00
256,Trevor Siemian,CHI,31,QB,2,1,4,8,0,1,8,2,0,0,0,,SiemTr00
257,Trent Taylor,CIN,28,WR,16,1,4,15,0,0,12,3,3,0.8,1,4,TaylTr02
258,DJ Turner,LVR,25,WR,9,0,4,26,0,1,7,1.8,19,4.8,0,,TurnDJ00
259,Garrett Wilson,NYJ,22,WR,17,12,4,4,0,0,4,1,0,0,0,,WilsGa00
260,Davante Adams,LVR,30,WR,17,17,3,-1,0,0,-1,-0.3,0,0,1,3,AdamDa01
261,Brandon Allen,CIN,30,QB,1,0,3,-1,0,1,-1,-0.3,0,0,0,,AlleBr00
262,Mark Andrews,BAL,27,TE,15,15,3,8,0,3,4,1.3,4,1.3,0,,AndrMa00
263,Reggie Bonnafon,WAS,26,RB,1,0,3,8,0,,5,1.7,3,1,0,,BonnRe00
264,Teddy Bridgewater,MIA,30,QB,5,2,3,27,0,2,25,8.3,2,0.7,0,,BridTe00
265,Anthony Brown,BAL,24,QB,2,1,3,-5,0,0,-5,-1.7,0,0,0,,BrowAn06
266,Joe Flacco,NYJ,37,QB,5,4,3,6,0,1,6,2,0,0,0,,FlacJo00
267,Chris Godwin,TAM,26,WR,15,13,3,5,0,0,4,1.3,1,0.3,0,,GodwCh00
268,Godwin Igwebuike,SEA,28,RB,5,0,3,4,0,,4,1.3,0,0,0,,IgweGo00
269,Chris Moore,HOU,29,WR,16,7,3,3,0,0,2,0.7,1,0.3,0,,MoorCh00
270,Skyy Moore,KAN,22,WR,16,3,3,24,0,1,21,7,3,1,0,,MoorSk01
271,Chigoziem Okonkwo,TEN,23,TE,17,8,3,2,0,0,0,0,2,0.7,0,,OkonCh00
272,K.J. Osborn,MIN,25,WR,17,9,3,6,0,2,2,0.7,4,1.3,1,3,OsboKJ00
273,Devine Ozigbo,DEN,26,RB,4,0,3,4,0,,2,0.7,2,0.7,0,,OzigDe01
274,George Pickens,PIT,21,WR,17,12,3,24,1,2,20,6.7,4,1.3,0,,PickGe00
275,Michael Pittman Jr.,IND,25,WR,16,16,3,30,0,2,24,8,6,2,0,,PittMi01
276,Tyquan Thornton,NWE,22,WR,13,9,3,16,1,1,16,5.3,0,0,0,,ThorTy00
277,KaVontae Turpin,DAL,26,WR,17,0,3,17,0,1,17,5.7,0,0,0,,TurpKa00
278,Jaylen Waddle,MIA,24,WR,17,17,3,26,0,0,16,5.3,10,3.3,0,,WaddJa00
279,Quez Watkins,PHI,24,WR,17,8,3,1,0,0,1,0.3,0,0,0,,WatkQu00
280,Brandon Aiyuk,SFO,24,WR,17,17,2,23,0,1,15,7.5,8,4,0,,AiyuBr00
281,Andrew Beck,DEN,26,FB,13,4,2,0,0,0,-1,-0.5,1,0.5,0,,BeckAn01
282,Tim Boyle,CHI,28,QB,1,0,2,-2,0,0,-2,-1,0,0,0,,BoylTi00
283,DeAndre Carter,LAC,29,WR,17,7,2,-15,0,0,-15,-7.5,0,0,0,,CartDe02
284,Tyler Conklin,NYJ,27,TE,17,16,2,3,0,2,2,1,1,0.5,0,,ConkTy00
285,Brandin Cooks,HOU,29,WR,13,13,2,7,0,0,7,3.5,0,0,0,,CookBr00
286,Michael Dickson,SEA,26,P,17,0,2,-18,0,,-18,-9,0,0,0,,DickMi00
287,Jahan Dotson,WAS,22,WR,12,10,2,-7,0,0,-8,-4,1,0.5,0,,DotsJa00
288,Ashton Dulin,IND,25,WR,12,2,2,8,0,1,6,3,2,1,0,,DuliAs00
289,Evan Engram,JAX,28,TE,17,14,2,13,0,1,13,6.5,0,0,0,,EngrEv00
290,D'Wayne Eskridge,SEA,25,WR,10,0,2,10,0,0,9,4.5,1,0.5,0,,EskrDW00
291,Nick Foles,IND,33,QB,3,2,2,8,0,0,8,4,0,0,0,,FoleNi00
292,Jamie Gillan,NYG,25,P,17,0,2,-3,0,,-3,-1.5,0,0,0,,GillJa00
293,Marquise Goodwin,SEA,32,WR,13,2,2,5,0,0,5,2.5,0,0,0,,GoodMa00
294,KJ Hamler,DEN,23,WR,7,0,2,23,0,1,13,6.5,10,5,1,2,HamlKJ00
295,Connor Heyward,PIT,23,TE,17,0,2,27,0,2,24,12,3,1.5,0,,HeywCo00
296,Kendall Hinton,DEN,25,WR,12,5,2,13,0,1,13,6.5,0,0,0,,HintKe00
297,Richie James,NYG,27,WR,17,4,2,6,0,0,2,1,4,2,1,2,JameRi00
298,Duke Johnson,BUF,29,RB,1,0,2,4,0,1,1,0.5,3,1.5,0,,JohnDu00
299,Josh Johnson,SFO,36,QB,2,0,2,3,0,0,-1,-0.5,4,2,0,,JohnJo05
300,Travis Kelce,KAN,33,TE,17,17,2,5,0,1,1,0.5,4,2,0,,KelcTr00
301,Cole Kmet,CHI,23,TE,17,17,2,9,0,1,9,4.5,0,0,0,,KmetCo00
302,Allen Lazard,GNB,27,WR,15,15,2,0,0,0,-1,-0.5,1,0.5,0,,LazaAl00
303,Jakobi Meyers,NWE,26,WR,14,13,2,-11,0,2,-15,-7.5,4,2,0,,MeyeJa01
304,Ty Montgomery,NWE,29,WR,1,0,2,-2,0,0,-2,-1,0,0,0,,MontTy01
305,C.J. Moore,DET,27,S,11,0,2,55,0,2,55,27.5,0,0,0,,MoorCJ01
306,David Njoku,CLE,26,TE,14,14,2,-8,0,0,-8,-4,0,0,0,,NjokDa00
307,Breshad Perriman,TAM,29,WR,11,3,2,-7,0,0,-7,-3.5,0,0,0,,PerrBr02
308,Nathan Peterman,CHI,28,QB,3,1,2,7,0,0,6,3,1,0.5,0,,PeteNa00
309,Dante Pettis,CHI,27,WR,17,7,2,37,0,2,37,18.5,0,0,0,,PettDa00
310,Wan'Dale Robinson,NYG,21,WR,6,3,2,-1,0,0,-1,-0.5,0,0,0,,RobiWa01
311,Amari Rodgers,2TM,23,,16,1,2,7,0,0,7,3.5,0,0,0,,RodgAm00
312,Armani Rogers,WAS,25,TE,11,3,2,26,0,1,1,0.5,25,12.5,0,,RogeAr00
313,Trey Sermon,PHI,23,RB,2,0,2,19,0,2,10,5,9,4.5,0,,SermTr00
314,Durham Smythe,MIA,27,TE,16,15,2,1,1,1,0,0,1,0.5,0,,SmytDu00
315,Deven Thompkins,TAM,23,WR,5,1,2,26,0,1,22,11,4,2,0,,ThomDe07
316,Damien Williams,ATL,30,RB,1,1,2,2,0,,0,0,2,1,0,,WillDa05
317,Olamide Zaccheaus,ATL,25,WR,17,13,2,7,0,1,-6,-3,13,6.5,0,,ZaccOl01
318,Keenan Allen,LAC,30,WR,10,10,1,8,0,1,6,6,2,2,0,,AlleKe00
319,Marcus Allen,PIT,26,LB,15,0,1,4,0,1,4,4,0,0,0,,AlleMa03
320,Bryan Anger,DAL,34,P,17,0,1,0,0,,0,0,0,0,0,,AngeBr00
321,Tyler Badie,DEN,22,RB,1,0,1,0,0,0,0,0,0,0,0,,BadiTy00
322,Daniel Bellinger,NYG,22,TE,12,11,1,2,1,1,0,0,2,2,0,,BellDa00
323,Nick Bellore,SEA,33,LB,16,0,1,3,0,,1,1,2,2,0,,BellNi01
324,Dyami Brown,WAS,23,WR,15,0,1,15,0,1,15,15,0,0,0,,BrowDy00
325,Marquise Brown,ARI,25,WR,12,10,1,1,0,0,0,0,1,1,0,,BrowMa04
326,Harrison Bryant,CLE,24,TE,17,9,1,8,0,1,6,6,2,2,0,,BryaHa00
327,Jason Cabinda,DET,26,FB,8,2,1,4,0,1,4,4,0,0,0,,CabiJa00
328,Sean Chandler,CAR,26,S,17,0,1,2,0,1,0,0,2,2,0,,ChanSe00
329,Chase Daniel,LAC,36,QB,4,0,1,4,0,0,4,4,0,0,0,,DaniCh00
330,Jaelon Darden,2TM,23,,14,0,1,2,0,0,2,2,0,0,0,,DardJa00
331,Ashtyn Davis,NYJ,26,S,14,0,1,2,0,1,1,1,1,1,0,,DaviAs00
332,Stefon Diggs,BUF,29,WR,16,16,1,-3,0,0,-3,-3,0,0,0,,DiggSt00
333,Romeo Doubs,GNB,22,WR,13,7,1,11,0,1,11,11,0,0,0,,DoubRo00
334,Gerald Everett,LAC,28,TE,16,11,1,0,0,0,0,0,0,0,0,,EverGe00
335,Matthias Farley,LVR,30,S,17,0,1,-3,0,,-3,-3,0,0,0,,FarlMa00
336,Clayton Fejedelem,MIA,29,S,13,0,1,0,0,,0,0,0,0,0,,FejeCl00
337,Demetric Felton,CLE,24,RB,8,2,1,-4,0,,-4,-4,0,0,0,,FeltDe00
338,Feleipe Franks,ATL,25,TE,11,1,1,0,0,,0,0,0,0,0,,FranFe00
339,Kylen Granson,IND,24,TE,13,4,1,0,0,0,0,0,0,0,0,,GranKy00
340,Danny Gray,SFO,23,WR,13,0,1,9,0,0,2,2,7,7,0,,GrayDa02
341,Noah Gray,KAN,23,TE,17,8,1,1,1,1,1,1,0,0,0,,GrayNo00
342,Peyton Hendershot,DAL,23,TE,17,2,1,2,1,1,2,2,0,0,0,,HendPe01
343,Kylin Hill,GNB,24,RB,2,0,1,7,0,1,2,2,5,5,0,,HillKy00
344,Jordan Howard,NOR,28,RB,2,0,1,1,0,,0,0,1,1,0,,HowaJo00
345,Robert Hunt,MIA,26,OL,17,17,1,0,0,,0,0,0,0,0,,HuntRo01
346,Trenton Irwin,CIN,27,WR,9,2,1,11,0,1,8,8,3,3,0,,IrwiTr00
347,Andy Isabella,2TM,26,,5,0,1,1,0,0,1,1,0,0,0,,IsabAn00
348,Dallin Leavitt,GNB,28,S,17,0,1,0,0,,0,0,0,0,0,,LeavDa00
349,Jordan Love,GNB,24,QB,4,0,1,-1,0,0,-1,-1,0,0,0,,LoveJo03
350,Racey McMath,TEN,23,WR,5,0,1,4,0,0,1,1,3,3,0,,McMaRa00
351,Scott Miller,TAM,25,WR,15,1,1,8,0,0,8,8,0,0,0,,MillSc01
352,Darnell Mooney,CHI,25,WR,12,12,1,2,0,0,0,0,2,2,0,,MoonDa00
353,Josh Palmer,LAC,24,WR,16,11,1,4,0,1,1,1,3,3,0,,PalmJo00
354,Zach Pascal,PHI,28,WR,17,2,1,0,0,0,0,0,0,0,0,,PascZa00
355,Donovan Peoples-Jones,CLE,23,WR,17,14,1,2,0,0,2,2,0,0,0,,PeopDo00
356,Ben Skowronek,LAR,25,WR,14,11,1,17,1,1,17,17,0,0,0,,SkowBe00
357,Jonnu Smith,NWE,27,TE,14,8,1,5,0,1,5,5,0,0,0,,SmitJo01
358,Keith Smith,ATL,30,FB,17,6,1,2,0,1,0,0,2,2,0,,SmitKe03
359,Ihmir Smith-Marsette,2TM,23,,8,0,1,-1,0,,-1,-1,0,0,0,,SmitIh00
360,M.J. Stewart,HOU,27,DB,17,0,1,3,0,1,1,1,2,2,0,,StewM.00
361,Courtland Sutton,DEN,27,WR,15,15,1,5,0,0,3,3,2,2,0,,SuttCo00
362,Adam Thielen,MIN,32,WR,17,17,1,4,0,0,3,3,1,1,0,,ThieAd00
363,Marquez Valdes-Scantling,KAN,28,WR,17,11,1,-3,0,0,-3,-3,0,0,1,1,ValdMa00
364,Jameson Williams,DET,21,WR,6,0,1,40,0,1,37,37,3,3,0,,WillJa11
365,Cedrick Wilson Jr.,MIA,27,WR,15,0,1,8,0,0,1,1,7,7,1,1,WilsCe01
366,Michael Woods II,CLE,22,WR,10,0,1,-5,0,0,-5,-5,0,0,0,,WoodMi00